<keymap version="1" name="macOS copy" parent="Mac OS X 10.5+">
  <action id="ActivateCommitToolWindow" />
  <action id="Adtui.ZoomToActualAction">
    <keyboard-shortcut first-keystroke="meta numpad0" />
  </action>
  <action id="EditorDecreaseFontSize">
    <keyboard-shortcut first-keystroke="ctrl minus" />
  </action>
  <action id="EditorIncreaseFontSize">
    <keyboard-shortcut first-keystroke="ctrl equals" />
  </action>
  <action id="NextTab">
    <keyboard-shortcut first-keystroke="ctrl right" />
  </action>
  <action id="PreviousTab">
    <keyboard-shortcut first-keystroke="ctrl left" />
  </action>
  <action id="SplitVertically">
    <keyboard-shortcut first-keystroke="meta 0" />
  </action>
</keymap>